timestamp,image_path,mask_path,overlay_path,interferogram_path,heatmap_path,coherence_path,mask_ratio,deformation_energy,coherence_mean
2023-01-01 00:02:00,/Users/vichu/Desktop/Capstone_Vijay/data/bridges/bridge_gamma/insar_images/sar_20230101_000200.png,/Users/vichu/Desktop/Capstone_Vijay/data/bridges/bridge_gamma/insar_masks/mask_20230101_000200.png,/Users/vichu/Desktop/Capstone_Vijay/data/bridges/bridge_gamma/insar_overlays/overlay_20230101_000200.png,/Users/vichu/Desktop/Capstone_Vijay/data/bridges/bridge_gamma/insar_interferograms/interferogram_20230101_000200.png,/Users/vichu/Desktop/Capstone_Vijay/data/bridges/bridge_gamma/insar_heatmaps/heatmap_20230101_000200.png,/Users/vichu/Desktop/Capstone_Vijay/data/bridges/bridge_gamma/insar_coherence/coherence_20230101_000200.png,0.0,0.0,1.0
2023-01-01 10:02:00,/Users/vichu/Desktop/Capstone_Vijay/data/bridges/bridge_gamma/insar_images/sar_20230101_100200.png,/Users/vichu/Desktop/Capstone_Vijay/data/bridges/bridge_gamma/insar_masks/mask_20230101_100200.png,/Users/vichu/Desktop/Capstone_Vijay/data/bridges/bridge_gamma/insar_overlays/overlay_20230101_100200.png,/Users/vichu/Desktop/Capstone_Vijay/data/bridges/bridge_gamma/insar_interferograms/interferogram_20230101_100200.png,/Users/vichu/Desktop/Capstone_Vijay/data/bridges/bridge_gamma/insar_heatmaps/heatmap_20230101_100200.png,/Users/vichu/Desktop/Capstone_Vijay/data/bridges/bridge_gamma/insar_coherence/coherence_20230101_100200.png,0.030029296875,0.3604395625373467,0.6936263718432554
2023-01-01 20:02:00,/Users/vichu/Desktop/Capstone_Vijay/data/bridges/bridge_gamma/insar_images/sar_20230101_200200.png,/Users/vichu/Desktop/Capstone_Vijay/data/bridges/bridge_gamma/insar_masks/mask_20230101_200200.png,/Users/vichu/Desktop/Capstone_Vijay/data/bridges/bridge_gamma/insar_overlays/overlay_20230101_200200.png,/Users/vichu/Desktop/Capstone_Vijay/data/bridges/bridge_gamma/insar_interferograms/interferogram_20230101_200200.png,/Users/vichu/Desktop/Capstone_Vijay/data/bridges/bridge_gamma/insar_heatmaps/heatmap_20230101_200200.png,/Users/vichu/Desktop/Capstone_Vijay/data/bridges/bridge_gamma/insar_coherence/coherence_20230101_200200.png,0.030029296875,0.19838768135612556,0.8313704708472933
2023-01-02 06:02:00,/Users/vichu/Desktop/Capstone_Vijay/data/bridges/bridge_gamma/insar_images/sar_20230102_060200.png,/Users/vichu/Desktop/Capstone_Vijay/data/bridges/bridge_gamma/insar_masks/mask_20230102_060200.png,/Users/vichu/Desktop/Capstone_Vijay/data/bridges/bridge_gamma/insar_overlays/overlay_20230102_060200.png,/Users/vichu/Desktop/Capstone_Vijay/data/bridges/bridge_gamma/insar_interferograms/interferogram_20230102_060200.png,/Users/vichu/Desktop/Capstone_Vijay/data/bridges/bridge_gamma/insar_heatmaps/heatmap_20230102_060200.png,/Users/vichu/Desktop/Capstone_Vijay/data/bridges/bridge_gamma/insar_coherence/coherence_20230102_060200.png,0.030029296875,0.21193387835771038,0.8198562033959461
2023-01-02 16:02:00,/Users/vichu/Desktop/Capstone_Vijay/data/bridges/bridge_gamma/insar_images/sar_20230102_160200.png,/Users/vichu/Desktop/Capstone_Vijay/data/bridges/bridge_gamma/insar_masks/mask_20230102_160200.png,/Users/vichu/Desktop/Capstone_Vijay/data/bridges/bridge_gamma/insar_overlays/overlay_20230102_160200.png,/Users/vichu/Desktop/Capstone_Vijay/data/bridges/bridge_gamma/insar_interferograms/interferogram_20230102_160200.png,/Users/vichu/Desktop/Capstone_Vijay/data/bridges/bridge_gamma/insar_heatmaps/heatmap_20230102_160200.png,/Users/vichu/Desktop/Capstone_Vijay/data/bridges/bridge_gamma/insar_coherence/coherence_20230102_160200.png,0.030029296875,0.19802410498352158,0.8316795107640067
2023-01-03 02:02:00,/Users/vichu/Desktop/Capstone_Vijay/data/bridges/bridge_gamma/insar_images/sar_20230103_020200.png,/Users/vichu/Desktop/Capstone_Vijay/data/bridges/bridge_gamma/insar_masks/mask_20230103_020200.png,/Users/vichu/Desktop/Capstone_Vijay/data/bridges/bridge_gamma/insar_overlays/overlay_20230103_020200.png,/Users/vichu/Desktop/Capstone_Vijay/data/bridges/bridge_gamma/insar_interferograms/interferogram_20230103_020200.png,/Users/vichu/Desktop/Capstone_Vijay/data/bridges/bridge_gamma/insar_heatmaps/heatmap_20230103_020200.png,/Users/vichu/Desktop/Capstone_Vijay/data/bridges/bridge_gamma/insar_coherence/coherence_20230103_020200.png,0.030029296875,0.22329530949803944,0.8101989869266665
2023-01-03 12:02:00,/Users/vichu/Desktop/Capstone_Vijay/data/bridges/bridge_gamma/insar_images/sar_20230103_120200.png,/Users/vichu/Desktop/Capstone_Vijay/data/bridges/bridge_gamma/insar_masks/mask_20230103_120200.png,/Users/vichu/Desktop/Capstone_Vijay/data/bridges/bridge_gamma/insar_overlays/overlay_20230103_120200.png,/Users/vichu/Desktop/Capstone_Vijay/data/bridges/bridge_gamma/insar_interferograms/interferogram_20230103_120200.png,/Users/vichu/Desktop/Capstone_Vijay/data/bridges/bridge_gamma/insar_heatmaps/heatmap_20230103_120200.png,/Users/vichu/Desktop/Capstone_Vijay/data/bridges/bridge_gamma/insar_coherence/coherence_20230103_120200.png,0.030029296875,0.20934404682833369,0.8220575601959164
2023-01-03 22:02:00,/Users/vichu/Desktop/Capstone_Vijay/data/bridges/bridge_gamma/insar_images/sar_20230103_220200.png,/Users/vichu/Desktop/Capstone_Vijay/data/bridges/bridge_gamma/insar_masks/mask_20230103_220200.png,/Users/vichu/Desktop/Capstone_Vijay/data/bridges/bridge_gamma/insar_overlays/overlay_20230103_220200.png,/Users/vichu/Desktop/Capstone_Vijay/data/bridges/bridge_gamma/insar_interferograms/interferogram_20230103_220200.png,/Users/vichu/Desktop/Capstone_Vijay/data/bridges/bridge_gamma/insar_heatmaps/heatmap_20230103_220200.png,/Users/vichu/Desktop/Capstone_Vijay/data/bridges/bridge_gamma/insar_coherence/coherence_20230103_220200.png,0.030029296875,0.1699795868010423,0.8555173512191141
2023-01-04 08:02:00,/Users/vichu/Desktop/Capstone_Vijay/data/bridges/bridge_gamma/insar_images/sar_20230104_080200.png,/Users/vichu/Desktop/Capstone_Vijay/data/bridges/bridge_gamma/insar_masks/mask_20230104_080200.png,/Users/vichu/Desktop/Capstone_Vijay/data/bridges/bridge_gamma/insar_overlays/overlay_20230104_080200.png,/Users/vichu/Desktop/Capstone_Vijay/data/bridges/bridge_gamma/insar_interferograms/interferogram_20230104_080200.png,/Users/vichu/Desktop/Capstone_Vijay/data/bridges/bridge_gamma/insar_heatmaps/heatmap_20230104_080200.png,/Users/vichu/Desktop/Capstone_Vijay/data/bridges/bridge_gamma/insar_coherence/coherence_20230104_080200.png,0.030029296875,0.25260741345461524,0.785283698563577
2023-01-04 18:02:00,/Users/vichu/Desktop/Capstone_Vijay/data/bridges/bridge_gamma/insar_images/sar_20230104_180200.png,/Users/vichu/Desktop/Capstone_Vijay/data/bridges/bridge_gamma/insar_masks/mask_20230104_180200.png,/Users/vichu/Desktop/Capstone_Vijay/data/bridges/bridge_gamma/insar_overlays/overlay_20230104_180200.png,/Users/vichu/Desktop/Capstone_Vijay/data/bridges/bridge_gamma/insar_interferograms/interferogram_20230104_180200.png,/Users/vichu/Desktop/Capstone_Vijay/data/bridges/bridge_gamma/insar_heatmaps/heatmap_20230104_180200.png,/Users/vichu/Desktop/Capstone_Vijay/data/bridges/bridge_gamma/insar_coherence/coherence_20230104_180200.png,0.030029296875,0.1886978093111403,0.8396068620855308
2023-01-05 04:02:00,/Users/vichu/Desktop/Capstone_Vijay/data/bridges/bridge_gamma/insar_images/sar_20230105_040200.png,/Users/vichu/Desktop/Capstone_Vijay/data/bridges/bridge_gamma/insar_masks/mask_20230105_040200.png,/Users/vichu/Desktop/Capstone_Vijay/data/bridges/bridge_gamma/insar_overlays/overlay_20230105_040200.png,/Users/vichu/Desktop/Capstone_Vijay/data/bridges/bridge_gamma/insar_interferograms/interferogram_20230105_040200.png,/Users/vichu/Desktop/Capstone_Vijay/data/bridges/bridge_gamma/insar_heatmaps/heatmap_20230105_040200.png,/Users/vichu/Desktop/Capstone_Vijay/data/bridges/bridge_gamma/insar_coherence/coherence_20230105_040200.png,0.030029296875,0.20016286870243516,0.8298615616029301
2023-01-05 14:02:00,/Users/vichu/Desktop/Capstone_Vijay/data/bridges/bridge_gamma/insar_images/sar_20230105_140200.png,/Users/vichu/Desktop/Capstone_Vijay/data/bridges/bridge_gamma/insar_masks/mask_20230105_140200.png,/Users/vichu/Desktop/Capstone_Vijay/data/bridges/bridge_gamma/insar_overlays/overlay_20230105_140200.png,/Users/vichu/Desktop/Capstone_Vijay/data/bridges/bridge_gamma/insar_interferograms/interferogram_20230105_140200.png,/Users/vichu/Desktop/Capstone_Vijay/data/bridges/bridge_gamma/insar_heatmaps/heatmap_20230105_140200.png,/Users/vichu/Desktop/Capstone_Vijay/data/bridges/bridge_gamma/insar_coherence/coherence_20230105_140200.png,0.030029296875,0.17620120860946192,0.8502289726819574
2023-01-06 00:02:00,/Users/vichu/Desktop/Capstone_Vijay/data/bridges/bridge_gamma/insar_images/sar_20230106_000200.png,/Users/vichu/Desktop/Capstone_Vijay/data/bridges/bridge_gamma/insar_masks/mask_20230106_000200.png,/Users/vichu/Desktop/Capstone_Vijay/data/bridges/bridge_gamma/insar_overlays/overlay_20230106_000200.png,/Users/vichu/Desktop/Capstone_Vijay/data/bridges/bridge_gamma/insar_interferograms/interferogram_20230106_000200.png,/Users/vichu/Desktop/Capstone_Vijay/data/bridges/bridge_gamma/insar_heatmaps/heatmap_20230106_000200.png,/Users/vichu/Desktop/Capstone_Vijay/data/bridges/bridge_gamma/insar_coherence/coherence_20230106_000200.png,0.030029296875,0.15186747743014167,0.8709126441843795
2023-01-06 10:02:00,/Users/vichu/Desktop/Capstone_Vijay/data/bridges/bridge_gamma/insar_images/sar_20230106_100200.png,/Users/vichu/Desktop/Capstone_Vijay/data/bridges/bridge_gamma/insar_masks/mask_20230106_100200.png,/Users/vichu/Desktop/Capstone_Vijay/data/bridges/bridge_gamma/insar_overlays/overlay_20230106_100200.png,/Users/vichu/Desktop/Capstone_Vijay/data/bridges/bridge_gamma/insar_interferograms/interferogram_20230106_100200.png,/Users/vichu/Desktop/Capstone_Vijay/data/bridges/bridge_gamma/insar_heatmaps/heatmap_20230106_100200.png,/Users/vichu/Desktop/Capstone_Vijay/data/bridges/bridge_gamma/insar_coherence/coherence_20230106_100200.png,0.030029296875,0.21485042468877144,0.8173771390145442
2023-01-06 20:02:00,/Users/vichu/Desktop/Capstone_Vijay/data/bridges/bridge_gamma/insar_images/sar_20230106_200200.png,/Users/vichu/Desktop/Capstone_Vijay/data/bridges/bridge_gamma/insar_masks/mask_20230106_200200.png,/Users/vichu/Desktop/Capstone_Vijay/data/bridges/bridge_gamma/insar_overlays/overlay_20230106_200200.png,/Users/vichu/Desktop/Capstone_Vijay/data/bridges/bridge_gamma/insar_interferograms/interferogram_20230106_200200.png,/Users/vichu/Desktop/Capstone_Vijay/data/bridges/bridge_gamma/insar_heatmaps/heatmap_20230106_200200.png,/Users/vichu/Desktop/Capstone_Vijay/data/bridges/bridge_gamma/insar_coherence/coherence_20230106_200200.png,0.030029296875,0.1618647692020555,0.8624149461782529
2023-01-07 06:02:00,/Users/vichu/Desktop/Capstone_Vijay/data/bridges/bridge_gamma/insar_images/sar_20230107_060200.png,/Users/vichu/Desktop/Capstone_Vijay/data/bridges/bridge_gamma/insar_masks/mask_20230107_060200.png,/Users/vichu/Desktop/Capstone_Vijay/data/bridges/bridge_gamma/insar_overlays/overlay_20230107_060200.png,/Users/vichu/Desktop/Capstone_Vijay/data/bridges/bridge_gamma/insar_interferograms/interferogram_20230107_060200.png,/Users/vichu/Desktop/Capstone_Vijay/data/bridges/bridge_gamma/insar_heatmaps/heatmap_20230107_060200.png,/Users/vichu/Desktop/Capstone_Vijay/data/bridges/bridge_gamma/insar_coherence/coherence_20230107_060200.png,0.030029296875,0.18272180404309096,0.8446864665633727
2023-01-07 16:02:00,/Users/vichu/Desktop/Capstone_Vijay/data/bridges/bridge_gamma/insar_images/sar_20230107_160200.png,/Users/vichu/Desktop/Capstone_Vijay/data/bridges/bridge_gamma/insar_masks/mask_20230107_160200.png,/Users/vichu/Desktop/Capstone_Vijay/data/bridges/bridge_gamma/insar_overlays/overlay_20230107_160200.png,/Users/vichu/Desktop/Capstone_Vijay/data/bridges/bridge_gamma/insar_interferograms/interferogram_20230107_160200.png,/Users/vichu/Desktop/Capstone_Vijay/data/bridges/bridge_gamma/insar_heatmaps/heatmap_20230107_160200.png,/Users/vichu/Desktop/Capstone_Vijay/data/bridges/bridge_gamma/insar_coherence/coherence_20230107_160200.png,0.030029296875,0.15576640173120998,0.8675985585284716
2023-01-08 02:02:00,/Users/vichu/Desktop/Capstone_Vijay/data/bridges/bridge_gamma/insar_images/sar_20230108_020200.png,/Users/vichu/Desktop/Capstone_Vijay/data/bridges/bridge_gamma/insar_masks/mask_20230108_020200.png,/Users/vichu/Desktop/Capstone_Vijay/data/bridges/bridge_gamma/insar_overlays/overlay_20230108_020200.png,/Users/vichu/Desktop/Capstone_Vijay/data/bridges/bridge_gamma/insar_interferograms/interferogram_20230108_020200.png,/Users/vichu/Desktop/Capstone_Vijay/data/bridges/bridge_gamma/insar_heatmaps/heatmap_20230108_020200.png,/Users/vichu/Desktop/Capstone_Vijay/data/bridges/bridge_gamma/insar_coherence/coherence_20230108_020200.png,0.030029296875,0.1828154573470255,0.8446068612550284
2023-01-08 12:02:00,/Users/vichu/Desktop/Capstone_Vijay/data/bridges/bridge_gamma/insar_images/sar_20230108_120200.png,/Users/vichu/Desktop/Capstone_Vijay/data/bridges/bridge_gamma/insar_masks/mask_20230108_120200.png,/Users/vichu/Desktop/Capstone_Vijay/data/bridges/bridge_gamma/insar_overlays/overlay_20230108_120200.png,/Users/vichu/Desktop/Capstone_Vijay/data/bridges/bridge_gamma/insar_interferograms/interferogram_20230108_120200.png,/Users/vichu/Desktop/Capstone_Vijay/data/bridges/bridge_gamma/insar_heatmaps/heatmap_20230108_120200.png,/Users/vichu/Desktop/Capstone_Vijay/data/bridges/bridge_gamma/insar_coherence/coherence_20230108_120200.png,0.030029296875,0.18037468476991866,0.8466815179455691
2023-01-08 22:02:00,/Users/vichu/Desktop/Capstone_Vijay/data/bridges/bridge_gamma/insar_images/sar_20230108_220200.png,/Users/vichu/Desktop/Capstone_Vijay/data/bridges/bridge_gamma/insar_masks/mask_20230108_220200.png,/Users/vichu/Desktop/Capstone_Vijay/data/bridges/bridge_gamma/insar_overlays/overlay_20230108_220200.png,/Users/vichu/Desktop/Capstone_Vijay/data/bridges/bridge_gamma/insar_interferograms/interferogram_20230108_220200.png,/Users/vichu/Desktop/Capstone_Vijay/data/bridges/bridge_gamma/insar_heatmaps/heatmap_20230108_220200.png,/Users/vichu/Desktop/Capstone_Vijay/data/bridges/bridge_gamma/insar_coherence/coherence_20230108_220200.png,0.030029296875,0.15919179667896427,0.8646869728228804
2023-01-09 08:02:00,/Users/vichu/Desktop/Capstone_Vijay/data/bridges/bridge_gamma/insar_images/sar_20230109_080200.png,/Users/vichu/Desktop/Capstone_Vijay/data/bridges/bridge_gamma/insar_masks/mask_20230109_080200.png,/Users/vichu/Desktop/Capstone_Vijay/data/bridges/bridge_gamma/insar_overlays/overlay_20230109_080200.png,/Users/vichu/Desktop/Capstone_Vijay/data/bridges/bridge_gamma/insar_interferograms/interferogram_20230109_080200.png,/Users/vichu/Desktop/Capstone_Vijay/data/bridges/bridge_gamma/insar_heatmaps/heatmap_20230109_080200.png,/Users/vichu/Desktop/Capstone_Vijay/data/bridges/bridge_gamma/insar_coherence/coherence_20230109_080200.png,0.030029296875,0.20214474549810849,0.8281769663266079
2023-01-09 18:02:00,/Users/vichu/Desktop/Capstone_Vijay/data/bridges/bridge_gamma/insar_images/sar_20230109_180200.png,/Users/vichu/Desktop/Capstone_Vijay/data/bridges/bridge_gamma/insar_masks/mask_20230109_180200.png,/Users/vichu/Desktop/Capstone_Vijay/data/bridges/bridge_gamma/insar_overlays/overlay_20230109_180200.png,/Users/vichu/Desktop/Capstone_Vijay/data/bridges/bridge_gamma/insar_interferograms/interferogram_20230109_180200.png,/Users/vichu/Desktop/Capstone_Vijay/data/bridges/bridge_gamma/insar_heatmaps/heatmap_20230109_180200.png,/Users/vichu/Desktop/Capstone_Vijay/data/bridges/bridge_gamma/insar_coherence/coherence_20230109_180200.png,0.030029296875,0.1697361339498037,0.8557242861426668
2023-01-10 04:02:00,/Users/vichu/Desktop/Capstone_Vijay/data/bridges/bridge_gamma/insar_images/sar_20230110_040200.png,/Users/vichu/Desktop/Capstone_Vijay/data/bridges/bridge_gamma/insar_masks/mask_20230110_040200.png,/Users/vichu/Desktop/Capstone_Vijay/data/bridges/bridge_gamma/insar_overlays/overlay_20230110_040200.png,/Users/vichu/Desktop/Capstone_Vijay/data/bridges/bridge_gamma/insar_interferograms/interferogram_20230110_040200.png,/Users/vichu/Desktop/Capstone_Vijay/data/bridges/bridge_gamma/insar_heatmaps/heatmap_20230110_040200.png,/Users/vichu/Desktop/Capstone_Vijay/data/bridges/bridge_gamma/insar_coherence/coherence_20230110_040200.png,0.030029296875,0.17046695584184926,0.8551030875344281
2023-01-10 14:02:00,/Users/vichu/Desktop/Capstone_Vijay/data/bridges/bridge_gamma/insar_images/sar_20230110_140200.png,/Users/vichu/Desktop/Capstone_Vijay/data/bridges/bridge_gamma/insar_masks/mask_20230110_140200.png,/Users/vichu/Desktop/Capstone_Vijay/data/bridges/bridge_gamma/insar_overlays/overlay_20230110_140200.png,/Users/vichu/Desktop/Capstone_Vijay/data/bridges/bridge_gamma/insar_interferograms/interferogram_20230110_140200.png,/Users/vichu/Desktop/Capstone_Vijay/data/bridges/bridge_gamma/insar_heatmaps/heatmap_20230110_140200.png,/Users/vichu/Desktop/Capstone_Vijay/data/bridges/bridge_gamma/insar_coherence/coherence_20230110_140200.png,0.030029296875,0.14834210294486497,0.8739092124968648
2023-01-11 00:02:00,/Users/vichu/Desktop/Capstone_Vijay/data/bridges/bridge_gamma/insar_images/sar_20230111_000200.png,/Users/vichu/Desktop/Capstone_Vijay/data/bridges/bridge_gamma/insar_masks/mask_20230111_000200.png,/Users/vichu/Desktop/Capstone_Vijay/data/bridges/bridge_gamma/insar_overlays/overlay_20230111_000200.png,/Users/vichu/Desktop/Capstone_Vijay/data/bridges/bridge_gamma/insar_interferograms/interferogram_20230111_000200.png,/Users/vichu/Desktop/Capstone_Vijay/data/bridges/bridge_gamma/insar_heatmaps/heatmap_20230111_000200.png,/Users/vichu/Desktop/Capstone_Vijay/data/bridges/bridge_gamma/insar_coherence/coherence_20230111_000200.png,0.030029296875,0.15770199601230928,0.8659533033895371
2023-01-11 10:02:00,/Users/vichu/Desktop/Capstone_Vijay/data/bridges/bridge_gamma/insar_images/sar_20230111_100200.png,/Users/vichu/Desktop/Capstone_Vijay/data/bridges/bridge_gamma/insar_masks/mask_20230111_100200.png,/Users/vichu/Desktop/Capstone_Vijay/data/bridges/bridge_gamma/insar_overlays/overlay_20230111_100200.png,/Users/vichu/Desktop/Capstone_Vijay/data/bridges/bridge_gamma/insar_interferograms/interferogram_20230111_100200.png,/Users/vichu/Desktop/Capstone_Vijay/data/bridges/bridge_gamma/insar_heatmaps/heatmap_20230111_100200.png,/Users/vichu/Desktop/Capstone_Vijay/data/bridges/bridge_gamma/insar_coherence/coherence_20230111_100200.png,0.030029296875,0.18841740292278214,0.8398452075156352
2023-01-11 20:02:00,/Users/vichu/Desktop/Capstone_Vijay/data/bridges/bridge_gamma/insar_images/sar_20230111_200200.png,/Users/vichu/Desktop/Capstone_Vijay/data/bridges/bridge_gamma/insar_masks/mask_20230111_200200.png,/Users/vichu/Desktop/Capstone_Vijay/data/bridges/bridge_gamma/insar_overlays/overlay_20230111_200200.png,/Users/vichu/Desktop/Capstone_Vijay/data/bridges/bridge_gamma/insar_interferograms/interferogram_20230111_200200.png,/Users/vichu/Desktop/Capstone_Vijay/data/bridges/bridge_gamma/insar_heatmaps/heatmap_20230111_200200.png,/Users/vichu/Desktop/Capstone_Vijay/data/bridges/bridge_gamma/insar_coherence/coherence_20230111_200200.png,0.030029296875,0.16461387185283524,0.8600782089250901
2023-01-12 06:02:00,/Users/vichu/Desktop/Capstone_Vijay/data/bridges/bridge_gamma/insar_images/sar_20230112_060200.png,/Users/vichu/Desktop/Capstone_Vijay/data/bridges/bridge_gamma/insar_masks/mask_20230112_060200.png,/Users/vichu/Desktop/Capstone_Vijay/data/bridges/bridge_gamma/insar_overlays/overlay_20230112_060200.png,/Users/vichu/Desktop/Capstone_Vijay/data/bridges/bridge_gamma/insar_interferograms/interferogram_20230112_060200.png,/Users/vichu/Desktop/Capstone_Vijay/data/bridges/bridge_gamma/insar_heatmaps/heatmap_20230112_060200.png,/Users/vichu/Desktop/Capstone_Vijay/data/bridges/bridge_gamma/insar_coherence/coherence_20230112_060200.png,0.030029296875,0.17990620249900852,0.8470797278758428
2023-01-12 16:02:00,/Users/vichu/Desktop/Capstone_Vijay/data/bridges/bridge_gamma/insar_images/sar_20230112_160200.png,/Users/vichu/Desktop/Capstone_Vijay/data/bridges/bridge_gamma/insar_masks/mask_20230112_160200.png,/Users/vichu/Desktop/Capstone_Vijay/data/bridges/bridge_gamma/insar_overlays/overlay_20230112_160200.png,/Users/vichu/Desktop/Capstone_Vijay/data/bridges/bridge_gamma/insar_interferograms/interferogram_20230112_160200.png,/Users/vichu/Desktop/Capstone_Vijay/data/bridges/bridge_gamma/insar_heatmaps/heatmap_20230112_160200.png,/Users/vichu/Desktop/Capstone_Vijay/data/bridges/bridge_gamma/insar_coherence/coherence_20230112_160200.png,0.030029296875,0.15293131857752712,0.8700083792091019
2023-01-13 02:02:00,/Users/vichu/Desktop/Capstone_Vijay/data/bridges/bridge_gamma/insar_images/sar_20230113_020200.png,/Users/vichu/Desktop/Capstone_Vijay/data/bridges/bridge_gamma/insar_masks/mask_20230113_020200.png,/Users/vichu/Desktop/Capstone_Vijay/data/bridges/bridge_gamma/insar_overlays/overlay_20230113_020200.png,/Users/vichu/Desktop/Capstone_Vijay/data/bridges/bridge_gamma/insar_interferograms/interferogram_20230113_020200.png,/Users/vichu/Desktop/Capstone_Vijay/data/bridges/bridge_gamma/insar_heatmaps/heatmap_20230113_020200.png,/Users/vichu/Desktop/Capstone_Vijay/data/bridges/bridge_gamma/insar_coherence/coherence_20230113_020200.png,0.030029296875,0.15601075840382922,0.8673908553567451
2023-01-13 12:02:00,/Users/vichu/Desktop/Capstone_Vijay/data/bridges/bridge_gamma/insar_images/sar_20230113_120200.png,/Users/vichu/Desktop/Capstone_Vijay/data/bridges/bridge_gamma/insar_masks/mask_20230113_120200.png,/Users/vichu/Desktop/Capstone_Vijay/data/bridges/bridge_gamma/insar_overlays/overlay_20230113_120200.png,/Users/vichu/Desktop/Capstone_Vijay/data/bridges/bridge_gamma/insar_interferograms/interferogram_20230113_120200.png,/Users/vichu/Desktop/Capstone_Vijay/data/bridges/bridge_gamma/insar_heatmaps/heatmap_20230113_120200.png,/Users/vichu/Desktop/Capstone_Vijay/data/bridges/bridge_gamma/insar_coherence/coherence_20230113_120200.png,0.030029296875,0.1630069546296301,0.8614440885648145
2023-01-13 22:02:00,/Users/vichu/Desktop/Capstone_Vijay/data/bridges/bridge_gamma/insar_images/sar_20230113_220200.png,/Users/vichu/Desktop/Capstone_Vijay/data/bridges/bridge_gamma/insar_masks/mask_20230113_220200.png,/Users/vichu/Desktop/Capstone_Vijay/data/bridges/bridge_gamma/insar_overlays/overlay_20230113_220200.png,/Users/vichu/Desktop/Capstone_Vijay/data/bridges/bridge_gamma/insar_interferograms/interferogram_20230113_220200.png,/Users/vichu/Desktop/Capstone_Vijay/data/bridges/bridge_gamma/insar_heatmaps/heatmap_20230113_220200.png,/Users/vichu/Desktop/Capstone_Vijay/data/bridges/bridge_gamma/insar_coherence/coherence_20230113_220200.png,0.030029296875,0.37285028266426834,0.6830772597353719
2023-01-14 08:02:00,/Users/vichu/Desktop/Capstone_Vijay/data/bridges/bridge_gamma/insar_images/sar_20230114_080200.png,/Users/vichu/Desktop/Capstone_Vijay/data/bridges/bridge_gamma/insar_masks/mask_20230114_080200.png,/Users/vichu/Desktop/Capstone_Vijay/data/bridges/bridge_gamma/insar_overlays/overlay_20230114_080200.png,/Users/vichu/Desktop/Capstone_Vijay/data/bridges/bridge_gamma/insar_interferograms/interferogram_20230114_080200.png,/Users/vichu/Desktop/Capstone_Vijay/data/bridges/bridge_gamma/insar_heatmaps/heatmap_20230114_080200.png,/Users/vichu/Desktop/Capstone_Vijay/data/bridges/bridge_gamma/insar_coherence/coherence_20230114_080200.png,0.030029296875,0.20309212826839504,0.8273716909718642
2023-01-14 18:02:00,/Users/vichu/Desktop/Capstone_Vijay/data/bridges/bridge_gamma/insar_images/sar_20230114_180200.png,/Users/vichu/Desktop/Capstone_Vijay/data/bridges/bridge_gamma/insar_masks/mask_20230114_180200.png,/Users/vichu/Desktop/Capstone_Vijay/data/bridges/bridge_gamma/insar_overlays/overlay_20230114_180200.png,/Users/vichu/Desktop/Capstone_Vijay/data/bridges/bridge_gamma/insar_interferograms/interferogram_20230114_180200.png,/Users/vichu/Desktop/Capstone_Vijay/data/bridges/bridge_gamma/insar_heatmaps/heatmap_20230114_180200.png,/Users/vichu/Desktop/Capstone_Vijay/data/bridges/bridge_gamma/insar_coherence/coherence_20230114_180200.png,0.030029296875,0.1755665026230046,0.8507684727704461
2023-01-15 04:02:00,/Users/vichu/Desktop/Capstone_Vijay/data/bridges/bridge_gamma/insar_images/sar_20230115_040200.png,/Users/vichu/Desktop/Capstone_Vijay/data/bridges/bridge_gamma/insar_masks/mask_20230115_040200.png,/Users/vichu/Desktop/Capstone_Vijay/data/bridges/bridge_gamma/insar_overlays/overlay_20230115_040200.png,/Users/vichu/Desktop/Capstone_Vijay/data/bridges/bridge_gamma/insar_interferograms/interferogram_20230115_040200.png,/Users/vichu/Desktop/Capstone_Vijay/data/bridges/bridge_gamma/insar_heatmaps/heatmap_20230115_040200.png,/Users/vichu/Desktop/Capstone_Vijay/data/bridges/bridge_gamma/insar_coherence/coherence_20230115_040200.png,0.030029296875,0.1615357934480868,0.8626945755691262
2023-01-15 14:02:00,/Users/vichu/Desktop/Capstone_Vijay/data/bridges/bridge_gamma/insar_images/sar_20230115_140200.png,/Users/vichu/Desktop/Capstone_Vijay/data/bridges/bridge_gamma/insar_masks/mask_20230115_140200.png,/Users/vichu/Desktop/Capstone_Vijay/data/bridges/bridge_gamma/insar_overlays/overlay_20230115_140200.png,/Users/vichu/Desktop/Capstone_Vijay/data/bridges/bridge_gamma/insar_interferograms/interferogram_20230115_140200.png,/Users/vichu/Desktop/Capstone_Vijay/data/bridges/bridge_gamma/insar_heatmaps/heatmap_20230115_140200.png,/Users/vichu/Desktop/Capstone_Vijay/data/bridges/bridge_gamma/insar_coherence/coherence_20230115_140200.png,0.030029296875,0.15526867610688716,0.868021625309146
2023-01-16 00:02:00,/Users/vichu/Desktop/Capstone_Vijay/data/bridges/bridge_gamma/insar_images/sar_20230116_000200.png,/Users/vichu/Desktop/Capstone_Vijay/data/bridges/bridge_gamma/insar_masks/mask_20230116_000200.png,/Users/vichu/Desktop/Capstone_Vijay/data/bridges/bridge_gamma/insar_overlays/overlay_20230116_000200.png,/Users/vichu/Desktop/Capstone_Vijay/data/bridges/bridge_gamma/insar_interferograms/interferogram_20230116_000200.png,/Users/vichu/Desktop/Capstone_Vijay/data/bridges/bridge_gamma/insar_heatmaps/heatmap_20230116_000200.png,/Users/vichu/Desktop/Capstone_Vijay/data/bridges/bridge_gamma/insar_coherence/coherence_20230116_000200.png,0.030029296875,0.15160855842899867,0.8711327253353511
2023-01-16 10:02:00,/Users/vichu/Desktop/Capstone_Vijay/data/bridges/bridge_gamma/insar_images/sar_20230116_100200.png,/Users/vichu/Desktop/Capstone_Vijay/data/bridges/bridge_gamma/insar_masks/mask_20230116_100200.png,/Users/vichu/Desktop/Capstone_Vijay/data/bridges/bridge_gamma/insar_overlays/overlay_20230116_100200.png,/Users/vichu/Desktop/Capstone_Vijay/data/bridges/bridge_gamma/insar_interferograms/interferogram_20230116_100200.png,/Users/vichu/Desktop/Capstone_Vijay/data/bridges/bridge_gamma/insar_heatmaps/heatmap_20230116_100200.png,/Users/vichu/Desktop/Capstone_Vijay/data/bridges/bridge_gamma/insar_coherence/coherence_20230116_100200.png,0.030029296875,0.17869746025984523,0.8481071587791316
2023-01-16 20:02:00,/Users/vichu/Desktop/Capstone_Vijay/data/bridges/bridge_gamma/insar_images/sar_20230116_200200.png,/Users/vichu/Desktop/Capstone_Vijay/data/bridges/bridge_gamma/insar_masks/mask_20230116_200200.png,/Users/vichu/Desktop/Capstone_Vijay/data/bridges/bridge_gamma/insar_overlays/overlay_20230116_200200.png,/Users/vichu/Desktop/Capstone_Vijay/data/bridges/bridge_gamma/insar_interferograms/interferogram_20230116_200200.png,/Users/vichu/Desktop/Capstone_Vijay/data/bridges/bridge_gamma/insar_heatmaps/heatmap_20230116_200200.png,/Users/vichu/Desktop/Capstone_Vijay/data/bridges/bridge_gamma/insar_coherence/coherence_20230116_200200.png,0.030029296875,0.16217203982945114,0.8621537661449665
2023-01-17 06:02:00,/Users/vichu/Desktop/Capstone_Vijay/data/bridges/bridge_gamma/insar_images/sar_20230117_060200.png,/Users/vichu/Desktop/Capstone_Vijay/data/bridges/bridge_gamma/insar_masks/mask_20230117_060200.png,/Users/vichu/Desktop/Capstone_Vijay/data/bridges/bridge_gamma/insar_overlays/overlay_20230117_060200.png,/Users/vichu/Desktop/Capstone_Vijay/data/bridges/bridge_gamma/insar_interferograms/interferogram_20230117_060200.png,/Users/vichu/Desktop/Capstone_Vijay/data/bridges/bridge_gamma/insar_heatmaps/heatmap_20230117_060200.png,/Users/vichu/Desktop/Capstone_Vijay/data/bridges/bridge_gamma/insar_coherence/coherence_20230117_060200.png,0.030029296875,0.16727670798627037,0.8578147982116702
2023-01-17 16:02:00,/Users/vichu/Desktop/Capstone_Vijay/data/bridges/bridge_gamma/insar_images/sar_20230117_160200.png,/Users/vichu/Desktop/Capstone_Vijay/data/bridges/bridge_gamma/insar_masks/mask_20230117_160200.png,/Users/vichu/Desktop/Capstone_Vijay/data/bridges/bridge_gamma/insar_overlays/overlay_20230117_160200.png,/Users/vichu/Desktop/Capstone_Vijay/data/bridges/bridge_gamma/insar_interferograms/interferogram_20230117_160200.png,/Users/vichu/Desktop/Capstone_Vijay/data/bridges/bridge_gamma/insar_heatmaps/heatmap_20230117_160200.png,/Users/vichu/Desktop/Capstone_Vijay/data/bridges/bridge_gamma/insar_coherence/coherence_20230117_160200.png,0.030029296875,0.150692885561931,0.8719110472723587
2023-01-18 02:02:00,/Users/vichu/Desktop/Capstone_Vijay/data/bridges/bridge_gamma/insar_images/sar_20230118_020200.png,/Users/vichu/Desktop/Capstone_Vijay/data/bridges/bridge_gamma/insar_masks/mask_20230118_020200.png,/Users/vichu/Desktop/Capstone_Vijay/data/bridges/bridge_gamma/insar_overlays/overlay_20230118_020200.png,/Users/vichu/Desktop/Capstone_Vijay/data/bridges/bridge_gamma/insar_interferograms/interferogram_20230118_020200.png,/Users/vichu/Desktop/Capstone_Vijay/data/bridges/bridge_gamma/insar_heatmaps/heatmap_20230118_020200.png,/Users/vichu/Desktop/Capstone_Vijay/data/bridges/bridge_gamma/insar_coherence/coherence_20230118_020200.png,0.030029296875,0.1499172418436648,0.872570344432885
2023-01-18 12:02:00,/Users/vichu/Desktop/Capstone_Vijay/data/bridges/bridge_gamma/insar_images/sar_20230118_120200.png,/Users/vichu/Desktop/Capstone_Vijay/data/bridges/bridge_gamma/insar_masks/mask_20230118_120200.png,/Users/vichu/Desktop/Capstone_Vijay/data/bridges/bridge_gamma/insar_overlays/overlay_20230118_120200.png,/Users/vichu/Desktop/Capstone_Vijay/data/bridges/bridge_gamma/insar_interferograms/interferogram_20230118_120200.png,/Users/vichu/Desktop/Capstone_Vijay/data/bridges/bridge_gamma/insar_heatmaps/heatmap_20230118_120200.png,/Users/vichu/Desktop/Capstone_Vijay/data/bridges/bridge_gamma/insar_coherence/coherence_20230118_120200.png,0.030029296875,0.15639801075855353,0.8670616908552295
2023-01-18 22:02:00,/Users/vichu/Desktop/Capstone_Vijay/data/bridges/bridge_gamma/insar_images/sar_20230118_220200.png,/Users/vichu/Desktop/Capstone_Vijay/data/bridges/bridge_gamma/insar_masks/mask_20230118_220200.png,/Users/vichu/Desktop/Capstone_Vijay/data/bridges/bridge_gamma/insar_overlays/overlay_20230118_220200.png,/Users/vichu/Desktop/Capstone_Vijay/data/bridges/bridge_gamma/insar_interferograms/interferogram_20230118_220200.png,/Users/vichu/Desktop/Capstone_Vijay/data/bridges/bridge_gamma/insar_heatmaps/heatmap_20230118_220200.png,/Users/vichu/Desktop/Capstone_Vijay/data/bridges/bridge_gamma/insar_coherence/coherence_20230118_220200.png,0.030029296875,0.14517253888603637,0.8766033419468691
2023-01-19 08:02:00,/Users/vichu/Desktop/Capstone_Vijay/data/bridges/bridge_gamma/insar_images/sar_20230119_080200.png,/Users/vichu/Desktop/Capstone_Vijay/data/bridges/bridge_gamma/insar_masks/mask_20230119_080200.png,/Users/vichu/Desktop/Capstone_Vijay/data/bridges/bridge_gamma/insar_overlays/overlay_20230119_080200.png,/Users/vichu/Desktop/Capstone_Vijay/data/bridges/bridge_gamma/insar_interferograms/interferogram_20230119_080200.png,/Users/vichu/Desktop/Capstone_Vijay/data/bridges/bridge_gamma/insar_heatmaps/heatmap_20230119_080200.png,/Users/vichu/Desktop/Capstone_Vijay/data/bridges/bridge_gamma/insar_coherence/coherence_20230119_080200.png,0.030029296875,0.20118477198569995,0.828992943812155
2023-01-19 18:02:00,/Users/vichu/Desktop/Capstone_Vijay/data/bridges/bridge_gamma/insar_images/sar_20230119_180200.png,/Users/vichu/Desktop/Capstone_Vijay/data/bridges/bridge_gamma/insar_masks/mask_20230119_180200.png,/Users/vichu/Desktop/Capstone_Vijay/data/bridges/bridge_gamma/insar_overlays/overlay_20230119_180200.png,/Users/vichu/Desktop/Capstone_Vijay/data/bridges/bridge_gamma/insar_interferograms/interferogram_20230119_180200.png,/Users/vichu/Desktop/Capstone_Vijay/data/bridges/bridge_gamma/insar_heatmaps/heatmap_20230119_180200.png,/Users/vichu/Desktop/Capstone_Vijay/data/bridges/bridge_gamma/insar_coherence/coherence_20230119_180200.png,0.030029296875,0.15697884636052595,0.866567980593553
2023-01-20 04:02:00,/Users/vichu/Desktop/Capstone_Vijay/data/bridges/bridge_gamma/insar_images/sar_20230120_040200.png,/Users/vichu/Desktop/Capstone_Vijay/data/bridges/bridge_gamma/insar_masks/mask_20230120_040200.png,/Users/vichu/Desktop/Capstone_Vijay/data/bridges/bridge_gamma/insar_overlays/overlay_20230120_040200.png,/Users/vichu/Desktop/Capstone_Vijay/data/bridges/bridge_gamma/insar_interferograms/interferogram_20230120_040200.png,/Users/vichu/Desktop/Capstone_Vijay/data/bridges/bridge_gamma/insar_heatmaps/heatmap_20230120_040200.png,/Users/vichu/Desktop/Capstone_Vijay/data/bridges/bridge_gamma/insar_coherence/coherence_20230120_040200.png,0.030029296875,0.17827871676091045,0.8484630907532261
2023-01-20 14:02:00,/Users/vichu/Desktop/Capstone_Vijay/data/bridges/bridge_gamma/insar_images/sar_20230120_140200.png,/Users/vichu/Desktop/Capstone_Vijay/data/bridges/bridge_gamma/insar_masks/mask_20230120_140200.png,/Users/vichu/Desktop/Capstone_Vijay/data/bridges/bridge_gamma/insar_overlays/overlay_20230120_140200.png,/Users/vichu/Desktop/Capstone_Vijay/data/bridges/bridge_gamma/insar_interferograms/interferogram_20230120_140200.png,/Users/vichu/Desktop/Capstone_Vijay/data/bridges/bridge_gamma/insar_heatmaps/heatmap_20230120_140200.png,/Users/vichu/Desktop/Capstone_Vijay/data/bridges/bridge_gamma/insar_coherence/coherence_20230120_140200.png,0.030029296875,0.15880424854237954,0.8650163887389775
2023-01-21 00:02:00,/Users/vichu/Desktop/Capstone_Vijay/data/bridges/bridge_gamma/insar_images/sar_20230121_000200.png,/Users/vichu/Desktop/Capstone_Vijay/data/bridges/bridge_gamma/insar_masks/mask_20230121_000200.png,/Users/vichu/Desktop/Capstone_Vijay/data/bridges/bridge_gamma/insar_overlays/overlay_20230121_000200.png,/Users/vichu/Desktop/Capstone_Vijay/data/bridges/bridge_gamma/insar_interferograms/interferogram_20230121_000200.png,/Users/vichu/Desktop/Capstone_Vijay/data/bridges/bridge_gamma/insar_heatmaps/heatmap_20230121_000200.png,/Users/vichu/Desktop/Capstone_Vijay/data/bridges/bridge_gamma/insar_coherence/coherence_20230121_000200.png,0.030029296875,0.1575918170934918,0.866046955470532
2023-01-21 10:02:00,/Users/vichu/Desktop/Capstone_Vijay/data/bridges/bridge_gamma/insar_images/sar_20230121_100200.png,/Users/vichu/Desktop/Capstone_Vijay/data/bridges/bridge_gamma/insar_masks/mask_20230121_100200.png,/Users/vichu/Desktop/Capstone_Vijay/data/bridges/bridge_gamma/insar_overlays/overlay_20230121_100200.png,/Users/vichu/Desktop/Capstone_Vijay/data/bridges/bridge_gamma/insar_interferograms/interferogram_20230121_100200.png,/Users/vichu/Desktop/Capstone_Vijay/data/bridges/bridge_gamma/insar_heatmaps/heatmap_20230121_100200.png,/Users/vichu/Desktop/Capstone_Vijay/data/bridges/bridge_gamma/insar_coherence/coherence_20230121_100200.png,0.030029296875,0.20262203825629013,0.8277712674821534
2023-01-21 20:02:00,/Users/vichu/Desktop/Capstone_Vijay/data/bridges/bridge_gamma/insar_images/sar_20230121_200200.png,/Users/vichu/Desktop/Capstone_Vijay/data/bridges/bridge_gamma/insar_masks/mask_20230121_200200.png,/Users/vichu/Desktop/Capstone_Vijay/data/bridges/bridge_gamma/insar_overlays/overlay_20230121_200200.png,/Users/vichu/Desktop/Capstone_Vijay/data/bridges/bridge_gamma/insar_interferograms/interferogram_20230121_200200.png,/Users/vichu/Desktop/Capstone_Vijay/data/bridges/bridge_gamma/insar_heatmaps/heatmap_20230121_200200.png,/Users/vichu/Desktop/Capstone_Vijay/data/bridges/bridge_gamma/insar_coherence/coherence_20230121_200200.png,0.030029296875,0.17271407616026221,0.8531930352637771
2023-01-22 06:02:00,/Users/vichu/Desktop/Capstone_Vijay/data/bridges/bridge_gamma/insar_images/sar_20230122_060200.png,/Users/vichu/Desktop/Capstone_Vijay/data/bridges/bridge_gamma/insar_masks/mask_20230122_060200.png,/Users/vichu/Desktop/Capstone_Vijay/data/bridges/bridge_gamma/insar_overlays/overlay_20230122_060200.png,/Users/vichu/Desktop/Capstone_Vijay/data/bridges/bridge_gamma/insar_interferograms/interferogram_20230122_060200.png,/Users/vichu/Desktop/Capstone_Vijay/data/bridges/bridge_gamma/insar_heatmaps/heatmap_20230122_060200.png,/Users/vichu/Desktop/Capstone_Vijay/data/bridges/bridge_gamma/insar_coherence/coherence_20230122_060200.png,0.030029296875,0.17260135018823236,0.8532888523400025
2023-01-22 16:02:00,/Users/vichu/Desktop/Capstone_Vijay/data/bridges/bridge_gamma/insar_images/sar_20230122_160200.png,/Users/vichu/Desktop/Capstone_Vijay/data/bridges/bridge_gamma/insar_masks/mask_20230122_160200.png,/Users/vichu/Desktop/Capstone_Vijay/data/bridges/bridge_gamma/insar_overlays/overlay_20230122_160200.png,/Users/vichu/Desktop/Capstone_Vijay/data/bridges/bridge_gamma/insar_interferograms/interferogram_20230122_160200.png,/Users/vichu/Desktop/Capstone_Vijay/data/bridges/bridge_gamma/insar_heatmaps/heatmap_20230122_160200.png,/Users/vichu/Desktop/Capstone_Vijay/data/bridges/bridge_gamma/insar_coherence/coherence_20230122_160200.png,0.030029296875,0.14940252908101487,0.8730078502811374
2023-01-23 02:02:00,/Users/vichu/Desktop/Capstone_Vijay/data/bridges/bridge_gamma/insar_images/sar_20230123_020200.png,/Users/vichu/Desktop/Capstone_Vijay/data/bridges/bridge_gamma/insar_masks/mask_20230123_020200.png,/Users/vichu/Desktop/Capstone_Vijay/data/bridges/bridge_gamma/insar_overlays/overlay_20230123_020200.png,/Users/vichu/Desktop/Capstone_Vijay/data/bridges/bridge_gamma/insar_interferograms/interferogram_20230123_020200.png,/Users/vichu/Desktop/Capstone_Vijay/data/bridges/bridge_gamma/insar_heatmaps/heatmap_20230123_020200.png,/Users/vichu/Desktop/Capstone_Vijay/data/bridges/bridge_gamma/insar_coherence/coherence_20230123_020200.png,0.030029296875,0.17240822855598126,0.8534530057274159
2023-01-23 12:02:00,/Users/vichu/Desktop/Capstone_Vijay/data/bridges/bridge_gamma/insar_images/sar_20230123_120200.png,/Users/vichu/Desktop/Capstone_Vijay/data/bridges/bridge_gamma/insar_masks/mask_20230123_120200.png,/Users/vichu/Desktop/Capstone_Vijay/data/bridges/bridge_gamma/insar_overlays/overlay_20230123_120200.png,/Users/vichu/Desktop/Capstone_Vijay/data/bridges/bridge_gamma/insar_interferograms/interferogram_20230123_120200.png,/Users/vichu/Desktop/Capstone_Vijay/data/bridges/bridge_gamma/insar_heatmaps/heatmap_20230123_120200.png,/Users/vichu/Desktop/Capstone_Vijay/data/bridges/bridge_gamma/insar_coherence/coherence_20230123_120200.png,0.030029296875,0.1740305309832449,0.8520740486642419
2023-01-23 22:02:00,/Users/vichu/Desktop/Capstone_Vijay/data/bridges/bridge_gamma/insar_images/sar_20230123_220200.png,/Users/vichu/Desktop/Capstone_Vijay/data/bridges/bridge_gamma/insar_masks/mask_20230123_220200.png,/Users/vichu/Desktop/Capstone_Vijay/data/bridges/bridge_gamma/insar_overlays/overlay_20230123_220200.png,/Users/vichu/Desktop/Capstone_Vijay/data/bridges/bridge_gamma/insar_interferograms/interferogram_20230123_220200.png,/Users/vichu/Desktop/Capstone_Vijay/data/bridges/bridge_gamma/insar_heatmaps/heatmap_20230123_220200.png,/Users/vichu/Desktop/Capstone_Vijay/data/bridges/bridge_gamma/insar_coherence/coherence_20230123_220200.png,0.030029296875,0.1578074480739981,0.8658636691371016
2023-01-24 08:02:00,/Users/vichu/Desktop/Capstone_Vijay/data/bridges/bridge_gamma/insar_images/sar_20230124_080200.png,/Users/vichu/Desktop/Capstone_Vijay/data/bridges/bridge_gamma/insar_masks/mask_20230124_080200.png,/Users/vichu/Desktop/Capstone_Vijay/data/bridges/bridge_gamma/insar_overlays/overlay_20230124_080200.png,/Users/vichu/Desktop/Capstone_Vijay/data/bridges/bridge_gamma/insar_interferograms/interferogram_20230124_080200.png,/Users/vichu/Desktop/Capstone_Vijay/data/bridges/bridge_gamma/insar_heatmaps/heatmap_20230124_080200.png,/Users/vichu/Desktop/Capstone_Vijay/data/bridges/bridge_gamma/insar_coherence/coherence_20230124_080200.png,0.030029296875,0.22373435344785664,0.8098257995693219
2023-01-24 18:02:00,/Users/vichu/Desktop/Capstone_Vijay/data/bridges/bridge_gamma/insar_images/sar_20230124_180200.png,/Users/vichu/Desktop/Capstone_Vijay/data/bridges/bridge_gamma/insar_masks/mask_20230124_180200.png,/Users/vichu/Desktop/Capstone_Vijay/data/bridges/bridge_gamma/insar_overlays/overlay_20230124_180200.png,/Users/vichu/Desktop/Capstone_Vijay/data/bridges/bridge_gamma/insar_interferograms/interferogram_20230124_180200.png,/Users/vichu/Desktop/Capstone_Vijay/data/bridges/bridge_gamma/insar_heatmaps/heatmap_20230124_180200.png,/Users/vichu/Desktop/Capstone_Vijay/data/bridges/bridge_gamma/insar_coherence/coherence_20230124_180200.png,0.030029296875,0.16517452694163373,0.8596016520996114
2023-01-25 04:02:00,/Users/vichu/Desktop/Capstone_Vijay/data/bridges/bridge_gamma/insar_images/sar_20230125_040200.png,/Users/vichu/Desktop/Capstone_Vijay/data/bridges/bridge_gamma/insar_masks/mask_20230125_040200.png,/Users/vichu/Desktop/Capstone_Vijay/data/bridges/bridge_gamma/insar_overlays/overlay_20230125_040200.png,/Users/vichu/Desktop/Capstone_Vijay/data/bridges/bridge_gamma/insar_interferograms/interferogram_20230125_040200.png,/Users/vichu/Desktop/Capstone_Vijay/data/bridges/bridge_gamma/insar_heatmaps/heatmap_20230125_040200.png,/Users/vichu/Desktop/Capstone_Vijay/data/bridges/bridge_gamma/insar_coherence/coherence_20230125_040200.png,0.030029296875,0.1788276579804642,0.8479964907166054
2023-01-25 14:02:00,/Users/vichu/Desktop/Capstone_Vijay/data/bridges/bridge_gamma/insar_images/sar_20230125_140200.png,/Users/vichu/Desktop/Capstone_Vijay/data/bridges/bridge_gamma/insar_masks/mask_20230125_140200.png,/Users/vichu/Desktop/Capstone_Vijay/data/bridges/bridge_gamma/insar_overlays/overlay_20230125_140200.png,/Users/vichu/Desktop/Capstone_Vijay/data/bridges/bridge_gamma/insar_interferograms/interferogram_20230125_140200.png,/Users/vichu/Desktop/Capstone_Vijay/data/bridges/bridge_gamma/insar_heatmaps/heatmap_20230125_140200.png,/Users/vichu/Desktop/Capstone_Vijay/data/bridges/bridge_gamma/insar_coherence/coherence_20230125_140200.png,0.030029296875,0.1587480785741771,0.8650641332119495
2023-01-26 00:02:00,/Users/vichu/Desktop/Capstone_Vijay/data/bridges/bridge_gamma/insar_images/sar_20230126_000200.png,/Users/vichu/Desktop/Capstone_Vijay/data/bridges/bridge_gamma/insar_masks/mask_20230126_000200.png,/Users/vichu/Desktop/Capstone_Vijay/data/bridges/bridge_gamma/insar_overlays/overlay_20230126_000200.png,/Users/vichu/Desktop/Capstone_Vijay/data/bridges/bridge_gamma/insar_interferograms/interferogram_20230126_000200.png,/Users/vichu/Desktop/Capstone_Vijay/data/bridges/bridge_gamma/insar_heatmaps/heatmap_20230126_000200.png,/Users/vichu/Desktop/Capstone_Vijay/data/bridges/bridge_gamma/insar_coherence/coherence_20230126_000200.png,0.030029296875,0.15848696794182782,0.8652860772494464
2023-01-26 10:02:00,/Users/vichu/Desktop/Capstone_Vijay/data/bridges/bridge_gamma/insar_images/sar_20230126_100200.png,/Users/vichu/Desktop/Capstone_Vijay/data/bridges/bridge_gamma/insar_masks/mask_20230126_100200.png,/Users/vichu/Desktop/Capstone_Vijay/data/bridges/bridge_gamma/insar_overlays/overlay_20230126_100200.png,/Users/vichu/Desktop/Capstone_Vijay/data/bridges/bridge_gamma/insar_interferograms/interferogram_20230126_100200.png,/Users/vichu/Desktop/Capstone_Vijay/data/bridges/bridge_gamma/insar_heatmaps/heatmap_20230126_100200.png,/Users/vichu/Desktop/Capstone_Vijay/data/bridges/bridge_gamma/insar_coherence/coherence_20230126_100200.png,0.030029296875,0.2347109055065631,0.8004957303194213
2023-01-26 20:02:00,/Users/vichu/Desktop/Capstone_Vijay/data/bridges/bridge_gamma/insar_images/sar_20230126_200200.png,/Users/vichu/Desktop/Capstone_Vijay/data/bridges/bridge_gamma/insar_masks/mask_20230126_200200.png,/Users/vichu/Desktop/Capstone_Vijay/data/bridges/bridge_gamma/insar_overlays/overlay_20230126_200200.png,/Users/vichu/Desktop/Capstone_Vijay/data/bridges/bridge_gamma/insar_interferograms/interferogram_20230126_200200.png,/Users/vichu/Desktop/Capstone_Vijay/data/bridges/bridge_gamma/insar_heatmaps/heatmap_20230126_200200.png,/Users/vichu/Desktop/Capstone_Vijay/data/bridges/bridge_gamma/insar_coherence/coherence_20230126_200200.png,0.030029296875,0.16197471802932245,0.8623214896750759
2023-01-27 06:02:00,/Users/vichu/Desktop/Capstone_Vijay/data/bridges/bridge_gamma/insar_images/sar_20230127_060200.png,/Users/vichu/Desktop/Capstone_Vijay/data/bridges/bridge_gamma/insar_masks/mask_20230127_060200.png,/Users/vichu/Desktop/Capstone_Vijay/data/bridges/bridge_gamma/insar_overlays/overlay_20230127_060200.png,/Users/vichu/Desktop/Capstone_Vijay/data/bridges/bridge_gamma/insar_interferograms/interferogram_20230127_060200.png,/Users/vichu/Desktop/Capstone_Vijay/data/bridges/bridge_gamma/insar_heatmaps/heatmap_20230127_060200.png,/Users/vichu/Desktop/Capstone_Vijay/data/bridges/bridge_gamma/insar_coherence/coherence_20230127_060200.png,0.030029296875,0.19565027656912204,0.8336972649162463
2023-01-27 16:02:00,/Users/vichu/Desktop/Capstone_Vijay/data/bridges/bridge_gamma/insar_images/sar_20230127_160200.png,/Users/vichu/Desktop/Capstone_Vijay/data/bridges/bridge_gamma/insar_masks/mask_20230127_160200.png,/Users/vichu/Desktop/Capstone_Vijay/data/bridges/bridge_gamma/insar_overlays/overlay_20230127_160200.png,/Users/vichu/Desktop/Capstone_Vijay/data/bridges/bridge_gamma/insar_interferograms/interferogram_20230127_160200.png,/Users/vichu/Desktop/Capstone_Vijay/data/bridges/bridge_gamma/insar_heatmaps/heatmap_20230127_160200.png,/Users/vichu/Desktop/Capstone_Vijay/data/bridges/bridge_gamma/insar_coherence/coherence_20230127_160200.png,0.030029296875,0.17174372354642886,0.8540178349855354
2023-01-28 02:02:00,/Users/vichu/Desktop/Capstone_Vijay/data/bridges/bridge_gamma/insar_images/sar_20230128_020200.png,/Users/vichu/Desktop/Capstone_Vijay/data/bridges/bridge_gamma/insar_masks/mask_20230128_020200.png,/Users/vichu/Desktop/Capstone_Vijay/data/bridges/bridge_gamma/insar_overlays/overlay_20230128_020200.png,/Users/vichu/Desktop/Capstone_Vijay/data/bridges/bridge_gamma/insar_interferograms/interferogram_20230128_020200.png,/Users/vichu/Desktop/Capstone_Vijay/data/bridges/bridge_gamma/insar_heatmaps/heatmap_20230128_020200.png,/Users/vichu/Desktop/Capstone_Vijay/data/bridges/bridge_gamma/insar_coherence/coherence_20230128_020200.png,0.030029296875,0.18760804124934136,0.8405331649380599
2023-01-28 12:02:00,/Users/vichu/Desktop/Capstone_Vijay/data/bridges/bridge_gamma/insar_images/sar_20230128_120200.png,/Users/vichu/Desktop/Capstone_Vijay/data/bridges/bridge_gamma/insar_masks/mask_20230128_120200.png,/Users/vichu/Desktop/Capstone_Vijay/data/bridges/bridge_gamma/insar_overlays/overlay_20230128_120200.png,/Users/vichu/Desktop/Capstone_Vijay/data/bridges/bridge_gamma/insar_interferograms/interferogram_20230128_120200.png,/Users/vichu/Desktop/Capstone_Vijay/data/bridges/bridge_gamma/insar_heatmaps/heatmap_20230128_120200.png,/Users/vichu/Desktop/Capstone_Vijay/data/bridges/bridge_gamma/insar_coherence/coherence_20230128_120200.png,0.030029296875,0.20489878588467259,0.8258360319980282
2023-01-28 22:02:00,/Users/vichu/Desktop/Capstone_Vijay/data/bridges/bridge_gamma/insar_images/sar_20230128_220200.png,/Users/vichu/Desktop/Capstone_Vijay/data/bridges/bridge_gamma/insar_masks/mask_20230128_220200.png,/Users/vichu/Desktop/Capstone_Vijay/data/bridges/bridge_gamma/insar_overlays/overlay_20230128_220200.png,/Users/vichu/Desktop/Capstone_Vijay/data/bridges/bridge_gamma/insar_interferograms/interferogram_20230128_220200.png,/Users/vichu/Desktop/Capstone_Vijay/data/bridges/bridge_gamma/insar_heatmaps/heatmap_20230128_220200.png,/Users/vichu/Desktop/Capstone_Vijay/data/bridges/bridge_gamma/insar_coherence/coherence_20230128_220200.png,0.030029296875,0.16080623560866325,0.8633146997326362
2023-01-29 08:02:00,/Users/vichu/Desktop/Capstone_Vijay/data/bridges/bridge_gamma/insar_images/sar_20230129_080200.png,/Users/vichu/Desktop/Capstone_Vijay/data/bridges/bridge_gamma/insar_masks/mask_20230129_080200.png,/Users/vichu/Desktop/Capstone_Vijay/data/bridges/bridge_gamma/insar_overlays/overlay_20230129_080200.png,/Users/vichu/Desktop/Capstone_Vijay/data/bridges/bridge_gamma/insar_interferograms/interferogram_20230129_080200.png,/Users/vichu/Desktop/Capstone_Vijay/data/bridges/bridge_gamma/insar_heatmaps/heatmap_20230129_080200.png,/Users/vichu/Desktop/Capstone_Vijay/data/bridges/bridge_gamma/insar_coherence/coherence_20230129_080200.png,0.030029296875,0.2644427174067727,0.7752236902042432
2023-01-29 18:02:00,/Users/vichu/Desktop/Capstone_Vijay/data/bridges/bridge_gamma/insar_images/sar_20230129_180200.png,/Users/vichu/Desktop/Capstone_Vijay/data/bridges/bridge_gamma/insar_masks/mask_20230129_180200.png,/Users/vichu/Desktop/Capstone_Vijay/data/bridges/bridge_gamma/insar_overlays/overlay_20230129_180200.png,/Users/vichu/Desktop/Capstone_Vijay/data/bridges/bridge_gamma/insar_interferograms/interferogram_20230129_180200.png,/Users/vichu/Desktop/Capstone_Vijay/data/bridges/bridge_gamma/insar_heatmaps/heatmap_20230129_180200.png,/Users/vichu/Desktop/Capstone_Vijay/data/bridges/bridge_gamma/insar_coherence/coherence_20230129_180200.png,0.030029296875,0.19693666212957606,0.8326038371898603
2023-01-30 04:02:00,/Users/vichu/Desktop/Capstone_Vijay/data/bridges/bridge_gamma/insar_images/sar_20230130_040200.png,/Users/vichu/Desktop/Capstone_Vijay/data/bridges/bridge_gamma/insar_masks/mask_20230130_040200.png,/Users/vichu/Desktop/Capstone_Vijay/data/bridges/bridge_gamma/insar_overlays/overlay_20230130_040200.png,/Users/vichu/Desktop/Capstone_Vijay/data/bridges/bridge_gamma/insar_interferograms/interferogram_20230130_040200.png,/Users/vichu/Desktop/Capstone_Vijay/data/bridges/bridge_gamma/insar_heatmaps/heatmap_20230130_040200.png,/Users/vichu/Desktop/Capstone_Vijay/data/bridges/bridge_gamma/insar_coherence/coherence_20230130_040200.png,0.030029296875,0.23384180852550054,0.8012344627533246
2023-01-30 14:02:00,/Users/vichu/Desktop/Capstone_Vijay/data/bridges/bridge_gamma/insar_images/sar_20230130_140200.png,/Users/vichu/Desktop/Capstone_Vijay/data/bridges/bridge_gamma/insar_masks/mask_20230130_140200.png,/Users/vichu/Desktop/Capstone_Vijay/data/bridges/bridge_gamma/insar_overlays/overlay_20230130_140200.png,/Users/vichu/Desktop/Capstone_Vijay/data/bridges/bridge_gamma/insar_interferograms/interferogram_20230130_140200.png,/Users/vichu/Desktop/Capstone_Vijay/data/bridges/bridge_gamma/insar_heatmaps/heatmap_20230130_140200.png,/Users/vichu/Desktop/Capstone_Vijay/data/bridges/bridge_gamma/insar_coherence/coherence_20230130_140200.png,0.030029296875,0.1914745141458281,0.8372466629760461
